{
  "materials": [
    {
      "item": {
        "tag": "forge:ingots/netherite"
      },
      "count": 4
    },
    {
      "item": {
        "tag": "minecraft:crying_obsidian"
      },
      "count": 8
    },
    {
      "item": {
        "tag": "forge:gems/diamond"
      },
      "count": 32
    },
    {
      "item": {
        "tag": "forge:dusts/redstone"
      },
      "count": 8
    },
    {
      "item": {
        "tag": "forge:rods/blaze"
      },
      "count": 4
    },
    {
      "item": {
        "tag": "forge:nether_stars"
      },
      "count": 1
    }
  ],
  "result": {
    "type": "attachment",
    "id": "arip:arip_aa12ex"
  }
}